<?xml version="1.0" encoding="UTF-8"?>
<projectDescription>
	<name>BootWithMvc</name>
	<comment></comment>
	<projects>
	</projects>
	<buildSpec>
		<buildCommand>
			<name>org.eclipse.wst.common.project.facet.core.builder</name>
			<arguments>
			</arguments>
		</buildCommand>
		<buildCommand>
			<name>org.eclipse.jdt.core.javabuilder</name>
			<arguments>
			</arguments>
		</buildCommand>
		<buildCommand>
			<name>org.eclipse.m2e.core.maven2Builder</name>
			<arguments>
			</arguments>
		</buildCommand>
		<buildCommand>
			<name>org.springframework.ide.eclipse.core.springbuilder</name>
			<arguments>
			</arguments>
		</buildCommand>
		<buildCommand>
			<name>org.springframework.ide.eclipse.boot.validation.springbootbuilder</name>
			<arguments>
			</arguments>
		</buildCommand>
	</buildSpec>
	<natures>
		<nature>org.springframework.ide.eclipse.core.springnature</nature>
		<nature>org.eclipse.jdt.core.javanature</nature>
		<nature>org.eclipse.m2e.core.maven2Nature</nature>
		<nature>org.eclipse.wst.common.project.facet.core.nature</nature>
	</natures>
</projectDescription>
